Indx#,Hike Name,Locale,Marker,Cluster Str,Clus Grp.,Type,Miles,Feet,Difficulty,Facilities,WOW,Seasons,Exposure,TSV File,Geomap,Elev. Chart,GPX File,JSON File,Latitude,Longitude,Add. Image1,Add. Image2,Main Photo URL,Sec. Photo URL,Directions,Tips?,html Page
1,Bandelier Index [7/10],Los Alamos,Visitor Ctr,5.6.7.8.9,,,,,,Full Amenities,Frijoles Canyon,,,,,,,,35.77903900,-106.27078800,,,,,"https://www.google.com/maps/place/Bandelier+Visitor+Center/@35.7801014,-106.2839283,13.87z/data=!4m5!3m4!1s0x87186c693ad80d1f:0xca8f2ed6ce83bbba!8m2!3d35.7790885!4d-106.2708628",N,Bandelier.html
2,Chaco Index [5/10],Lybrook,Visitor Ctr,12,,,,,,Full Amenities,Chaco Canyon,,,,,,,,36.03025000,-107.91080000,,,,,"https://www.google.com/maps/place/Chaco+Canyon/@36.055624,-107.9938402,12.16z/data=!4m5!3m4!1s0x873ca8da58ec928b:0xe9f1727039c6bed6!8m2!3d36.060293!4d-107.967008",N,Chaco.html
3,El Malpais Index [3/8],Grants,Visitor Ctr,,,,,,,Full Amenities,Lava Flows,,,,,,,,34.97040700,-107.81015200,,,,,"https://www.google.com/maps/place/El+Malpais+Ranger+Station+(BLM)/@35.0163264,-107.8923396,11.36z/data=!4m5!3m4!1s0x872392fe3edf3a73:0xe06a1c570ccc458d!8m2!3d34.9706563!4d-107.8103614",N,ElMalpais.html
4,Petroglyphs Index [6/6],Albuquerque,Visitor Ctr,,,,,,,Full Amenities,Rock Art,,,,,,,,35.13864400,-106.71119600,,,,,"https://www.google.com/maps/place/Petroglyph+National+Monument/@35.1393028,-106.7156351,16z/data=!4m5!3m4!1s0x87226df9b924070f:0xfef9828975f56430!8m2!3d35.1388685!4d-106.7113006",N,Petroglyphs.html
5,Ruins Trail,Los Alamos,,,,loop,1.2 miles,200 ft,Easy,Visitor Center,Ancient Ruins,All,sun,mainloop.tsv,,,,,35.77894300,-106.27083800,,,https://www.flickr.com/photos/139088815@N08/albums/72157669594168785,,"https://www.google.com/maps/place/Bandelier+Visitor+Center/@35.7801014,-106.2839283,13.87z/data=!4m5!3m4!1s0x87186c693ad80d1f:0xca8f2ed6ce83bbba!8m2!3d35.7790885!4d-106.2708628",N,MainLoop.html
6,Upper &amp; Lower Falls,Los Alamos,,,,out-and-back,3.0 miles,300 ft,Easy,Visitor Center,Falls View,All,sun,fallstrail.tsv,,,,,35.78873500,-106.28207900,,,https://www.flickr.com/photos/139088815@N08/albums/72157669136001962,,"https://www.google.com/maps/place/Bandelier+Visitor+Center/@35.7801014,-106.2839283,13.87z/data=!4m5!3m4!1s0x87186c693ad80d1f:0xca8f2ed6ce83bbba!8m2!3d35.7790885!4d-106.2708628",N,FallsTrail.html
7,Frey Trail,Los Alamos,,,,out-and-back,3.0 miles,550 ft,Moderate,Visitor Center,Views en route,All,sun,frey.tsv,,,,,35.77921900,-106.28574400,,,https://www.flickr.com/photos/139088815@N08/albums/72157667010406084,,"https://www.google.com/maps/place/Bandelier+Visitor+Center/@35.7801014,-106.2839283,13.87z/data=!4m5!3m4!1s0x87186c693ad80d1f:0xca8f2ed6ce83bbba!8m2!3d35.7790885!4d-106.2708628",N,Frey.html
8,Frijolito Loop,Los Alamos,,,,loop,2.5 miles,550 ft,Moderate,Visitor Center,Canyon Views,All,sun,frijolito.tsv,,,,,35.76957300,-106.28243300,,,https://www.flickr.com/photos/139088815@N08/albums/72157669635072405,,"https://www.google.com/maps/place/Bandelier+Visitor+Center/@35.7801014,-106.2839283,13.87z/data=!4m5!3m4!1s0x87186c693ad80d1f:0xca8f2ed6ce83bbba!8m2!3d35.7790885!4d-106.2708628",N,Frijolito.html
9,Alcove House,Los Alamos,,,,out-and-back,1.0 miles,140 ft,Easy-Moderate,Visitor Center,Ruins &amp; Views,All,sun,alcove.tsv,,,,,35.76431200,-106.27369800,,,https://www.flickr.com/photos/139088815@N08/albums/72157667002560044,,"https://www.google.com/maps/place/Bandelier+Visitor+Center/@35.7801014,-106.2839283,13.87z/data=!4m5!3m4!1s0x87186c693ad80d1f:0xca8f2ed6ce83bbba!8m2!3d35.7790885!4d-106.2708628",N,AlcoveHouse.html
10,Pueblo Alto,Lybrook,Cluster,,B,loop,5.7 miles,200 ft,Moderate,Visitor Center,Great Views,All,sun,altoloop.tsv,AltoLoop_geomap_no_lists.html,PuebloAltoElev.jpg,PuebloAlto.GPX,palto.json,36.06860800,-107.95990000,,,https://www.flickr.com/photos/139088815@N08/albums/72157668935441575,,"https://www.google.com/maps/place/Chaco+Canyon/@36.055624,-107.9938402,12.16z/data=!4m5!3m4!1s0x873ca8da58ec928b:0xe9f1727039c6bed6!8m2!3d36.060293!4d-107.967008",N,PuebloAlto.html
11,Kin Kletso,Lybrook,Normal,,,out-and-back,0.6 miles,0 ft,Easy,Visitor Center,Ancient Ruins,All,sun,,,,,,36.06386400,-107.98131500,KletsoMap.jpg,,https://www.flickr.com/photos/139088815@N08/albums/72157668542309892,,"https://www.google.com/maps/place/Chaco+Canyon/@36.055624,-107.9938402,12.16z/data=!4m5!3m4!1s0x873ca8da58ec928b:0xe9f1727039c6bed6!8m2!3d36.060293!4d-107.967008",N,KinKletso.html
12,Una Vida,Lybrook,Normal,,,out-and-back,0.7 miles,100 ft,Easy,Visitor Center,Ancient Ruins,All,sun,,,,,,36.06497700,-107.96986700,UnaVidaMap.jpg,,https://www.flickr.com/photos/139088815@N08/albums/72157666368675313,,"https://www.google.com/maps/place/Bandelier+Visitor+Center/@35.7801014,-106.2839283,13.87z/data=!4m5!3m4!1s0x87186c693ad80d1f:0xca8f2ed6ce83bbba!8m2!3d35.7790885!4d-106.2708628",N,UnaVida.html
13,Hungo Pavi,Lybrook,Normal,,,out-and-back,0.3 miles,20 ft,Easy,Visitor Center,Ancient Ruins,All,sun,,,,,,36.04953600,-107.93031000,HungoPaviMap.jpg,,https://www.flickr.com/photos/139088815@N08/albums/72157668823314186,,"https://www.google.com/maps/place/Bandelier+Visitor+Center/@35.7801014,-106.2839283,13.87z/data=!4m5!3m4!1s0x87186c693ad80d1f:0xca8f2ed6ce83bbba!8m2!3d35.7790885!4d-106.2708628",N,HungoPavi.html
14,Pueblo Bonito,Lybrook,Cluster,,B,loop,1.0 miles,50 ft,Easy,Visitor Center,Ancient Ruins,All,sun,,,,,,36.05921600,-107.95893400,BonitoMap.jpg,,https://www.flickr.com/photos/139088815@N08/albums/72157668825446256,,"https://www.google.com/maps/place/Bandelier+Visitor+Center/@35.7801014,-106.2839283,13.87z/data=!4m5!3m4!1s0x87186c693ad80d1f:0xca8f2ed6ce83bbba!8m2!3d35.7790885!4d-106.2708628",N,Bonito.html
15,Pino Trail,Albuquerque,Cluster,,C,out-and-back,9.8 miles,2800 ft,Med-Difficult,Picnic Area,Sandia Views,Not Winter,partial,pino.tsv,pino_geomap_no_lists.html,PinoElev.jpg,Pino_Trail.GPX,pino.json,35.16325000,-106.47006700,,,https://www.flickr.com/photos/139088815@N08/albums/72157670367797985,,"https://www.google.com/maps/place/Pino+Trail/@35.1612775,-106.4939813,14.34z/data=!4m5!3m4!1s0x87189f1955998271:0x33bff2504d4a2335!8m2!3d35.1632734!4d-106.4701323",N,Pino.html
16,Domingo Baca,Albuquerque,Cluster,,C,out-and-back,8.6 miles,2300 ft,Difficult,Picnic Area,Crash Site,Not Winter,partial,domingo.tsv,domingo_geomap_no_lists.html,DBacaElev.jpg,Domingo_Baca.GPX,baca.json,35.16709300,-106.46550200,,,https://www.flickr.com/photos/139088815@N08/albums/72157669872133506,,"https://www.google.com/maps/place/Pino+Trail/@35.1612775,-106.4939813,14.34z/data=!4m5!3m4!1s0x87189f1955998271:0x33bff2504d4a2335!8m2!3d35.1632734!4d-106.4701323",N,Domingo.html
17,Tunnel Canyon,Tijeras,Cluster,,D,out-and-back,5.2 miles,600 ft,Easy-Moderate,None,Sandia's Back,Not Winter,sun,tunnel.tsv,tunnel_geomap_no_lists.html,TCanyonElev.jpg,Tunnel_Canyon.GPX,tun.json,35.04656200,-106.38308800,,,https://www.flickr.com/photos/139088815@N08/albums/72157668655233912,,"https://www.google.com/maps/place/Tunnel+Canyon/@35.0595439,-106.4050049,13.71z/data=!4m5!3m4!1s0x8718a484be407b0f:0x212571f1df19a1cb!8m2!3d35.0456033!4d-106.3830797",N,TunnelCanyon.html
18,Birdhouse Ridge,Tijeras,Cluster,,D,out-and-back,5.2 miles,1000 ft,Easy-Moderate,None,Sandia's Back,Not Winter,sun,birdhouse.tsv,birdhouse_geomap_no_lists.html,BirdhouseElev.jpg,Birdhouse_Ridge.GPX,bird.json,35.05593800,-106.38851200,,,https://www.flickr.com/photos/139088815@N08/albums/72157668687108211,,"https://www.google.com/maps/place/Tunnel+Canyon/@35.0595439,-106.4050049,13.71z/data=!4m5!3m4!1s0x8718a484be407b0f:0x212571f1df19a1cb!8m2!3d35.0456033!4d-106.3830797",N,Birdhouse.html
19,Boca Negra: Mesa Pt.,Albuquerque,Cluster,,E,loop,0.3 miles,150 ft,Easy,Picnic Area,Petroglyphs,All,sun,,,,,,35.16198800,-106.71820300,BocaNegraMap.jpg,,https://www.flickr.com/photos/139088815@N08/albums/72157669925680945,,"https://www.google.com/maps/place/Boca+Negra+Canyon+Trails/@35.1586806,-106.7231314,16z/data=!4m5!3m4!1s0x87227209650d715f:0x37ef4badaa85904c!8m2!3d35.1611147!4d-106.7178528",N,MesaPoint.html
20,Boca Negra: Cliff Base,Albuquerque,Cluster,,E,out-and-back,1.0 miles,20 ft,Easy,Picnic Area,Petroglyphs,All,sun,,,,,,35.16547100,-106.72908800,BocaNegraMap.jpg,,https://www.flickr.com/photos/139088815@N08/albums/72157669833765256,,"https://www.google.com/maps/place/Boca+Negra+Canyon+Trails/@35.1586806,-106.7231314,16z/data=!4m5!3m4!1s0x87227209650d715f:0x37ef4badaa85904c!8m2!3d35.1611147!4d-106.7178528",N,CliffBase.html
21,Boca Negra: Macaw,Albuquerque,Cluster,,E,loop,0.1 miles,20 ft,Easy,Picnic Area,Petroglyphs,All,sun,,,,,,35.17024200,-106.71724300,BocaNegraMap.jpg,,https://www.flickr.com/photos/139088815@N08/albums/72157669926951595,,"https://www.google.com/maps/place/Boca+Negra+Canyon+Trails/@35.1586806,-106.7231314,16z/data=!4m5!3m4!1s0x87227209650d715f:0x37ef4badaa85904c!8m2!3d35.1611147!4d-106.7178528",N,Macaw.html
22,Tesuque Creek - Uppr,Santa Fe,Cluster,,F,out-and-back,5.0 miles,1800 ft,Moderate,Campground,Mtn Views,Not Winter,sun,uppertes.tsv,uppert_geomap_no_lists.html,,Upper_Tesuque.GPX,utes.json,35.76950800,-105.80915500,Ski2ForestRd.jpg,ForestRd2BigT.jpg,https://www.flickr.com/photos/139088815@N08/albums/72157669979230415,,"https://www.google.com/maps/place/Big+Tesuque+Campground/@35.7716134,-105.8151425,15.64z/data=!4m5!3m4!1s0x87184d1e4f78e5f7:0x607cb44f87419be0!8m2!3d35.7691964!4d-105.8091858",N,UpperTesuque.html
23,Tesuque Creek - Mid,Santa Fe,Cluster,,F,out-and-back,7.0 miles,1200 ft,Moderate,Campground,River Valley,Not Winter,partial,midtes.tsv,midtes_geomap_no_lists.html,,TesuqueCreekMiddle.gpx,mtes.json,35.73823600,-105.77911400,,,https://www.flickr.com/photos/139088815@N08/albums/72157669941376466,,"https://www.google.com/maps/place/Big+Tesuque+Campground/@35.7716134,-105.8151425,15.64z/data=!4m5!3m4!1s0x87184d1e4f78e5f7:0x607cb44f87419be0!8m2!3d35.7691964!4d-105.8091858",N,MiddleTesuque.html
24,Deception Peak,Santa Fe,Cluster,,G,loop,6.3 miles,2200 ft,Difficult,Picnic Area,Great Vistas!,Not Winter,partial,deception.tsv,deception_geomap_no_lists.html,DeceptionElev.jpg,Deception_Peak.GPX,decp.json,35.79584500,-105.80460500,,,https://www.flickr.com/photos/139088815@N08/albums/72157669132112560,,"https://www.google.com/maps/place/Winsor+Trailhead/@35.7918157,-105.8110332,15.17z/data=!4m5!3m4!1s0x87184cbfcc11af63:0x1526b1395abfefd!8m2!3d35.7956032!4d-105.8047946",N,Deception.html
25,Nambe Lake,Santa Fe,Cluster,,G,out-and-back,7.3 miles,1200 ft,Med-Difficult,Picnic Area,Gorgeous Views,Not Winter,shady,nambe.tsv,nambe_geomap_no_lists.html,NambeElev.jpg,Nambe_Lake.GPX,nambe.json,35.81862700,-105.79764900,,,https://www.flickr.com/photos/139088815@N08/albums/72157670306506915,,"https://www.google.com/maps/place/Winsor+Trailhead/@35.7918157,-105.8110332,15.17z/data=!4m5!3m4!1s0x87184cbfcc11af63:0x1526b1395abfefd!8m2!3d35.7956032!4d-105.8047946",N,Nambe.html
26,La Vega,Santa Fe,Cluster,,G,out-and-back,7.3 miles,1450 ft,Moderate,Picnic Area,Mtn Meadow,Not Winter,partial,vega.tsv,lavega_geomap_no_lists.html,LaVegaElev.jpg,La_Vega.GPX,vega.json,35.81687300,-105.81579600,,,https://www.flickr.com/photos/139088815@N08/albums/72157667272929494,,"https://www.google.com/maps/place/Winsor+Trailhead/@35.7918157,-105.8110332,15.17z/data=!4m5!3m4!1s0x87184cbfcc11af63:0x1526b1395abfefd!8m2!3d35.7956032!4d-105.8047946",N,LaVega.html
27,Rio En Medio - Uppr,Santa Fe,Cluster,,G,out-and-back,5.4 miles,1450 ft,Moderate,Picnic Area,Cascades,Not Winter,partial,upperrio.tsv,upperrio_geomap_no_lists.html,UpperRioElev.jpg,Upper_Rio_En_Medio.GPX,uriom.json,35.80280100,-105.82738700,,,https://www.flickr.com/photos/139088815@N08/albums/72157667671555303,,"https://www.google.com/maps/place/Winsor+Trailhead/@35.7918157,-105.8110332,15.17z/data=!4m5!3m4!1s0x87184cbfcc11af63:0x1526b1395abfefd!8m2!3d35.7956032!4d-105.8047946",N,UpperRio.html
28,E. Fork - Las Conchas,Los Alamos,Cluster,,H,two-car,5.8 miles,475 ft,Easy-Moderate,Campground,Mtn Views,Not Winter,partial,eforkconchas.tsv,efconchas_geomap_no_lists.html,EForkConchasElev.jpg,,efconchas.json,35.82081800,-106.59112300,,,https://www.flickr.com/photos/139088815@N08/albums/72157672595283235,,"https://www.google.com/maps/dir/East+Fork+Trailhead,+NM-4,+New+Mexico+87544/35.8151136,-106.5332309/@35.816887,-106.6428141,12.04z/data=!4m9!4m8!1m5!1m1!1s0x8722a1b1b735bd35:0xb3851e41943293dc!2m2!1d-106.5901769!2d35.8199506!1m0!3e0",N,EForkConchas.html
29,E. Fork - Battleship,Los Alamos,Cluster,,H,two-car,5.8 miles,1300 ft,Moderate,Campground,Views &amp; Springs,Not Winter,partial,eforkbattle.tsv,eforkbattle_geomap_no_lists.html,EForkBattleElev.jpg,EForkBattleship.gpx,efbattle.json,35.82572700,-106.59935500,,,https://www.flickr.com/photos/139088815@N08/albums/72157672215839861,,"https://www.google.com/maps/dir/East+Fork+Trailhead,+NM-4,+New+Mexico+87544/Battleship+Rock/@35.8487164,-106.652696,13z/data=!3m1!4b1!4m14!4m13!1m5!1m1!1s0x8722a1b1b735bd35:0xb3851e41943293dc!2m2!1d-106.5901769!2d35.8199506!1m5!1m1!1s0x0:0xa2d77d4b5f2c1ac8!2m2!1d-106.642258!2d35.8283458!3e0",Y,EForkBattle.html
30,Aspen Vista,Santa Fe,Cluster,,I,out-and-back,5.2 miles,800 ft,Moderate,Outdoor John,Autumn Views,Not Winter,sun,aspen.tsv,aspen_geomap_no_lists.html,AspenVistaElev.jpg,Aspen_Vista.GPX,aspen.json,35.77743300,-105.81093300,,,https://www.flickr.com/photos/139088815@N08/albums/72157667627609484,,"https://www.google.com/maps/place/Aspen+Vista+Picnic+Ground/@35.7736144,-105.8172689,15.38z/data=!4m5!3m4!1s0x87184ce6a3c7f4d9:0xe45f794f0417c87b!8m2!3d35.7771835!4d-105.8109797",N,Aspen.html
31,Alamo Vista,Santa Fe,Cluster,,I,out-and-back,3.0 miles,1500 ft,Med-Difficult,Outdoor John,Aspens &amp; Views,Not Winter,partial,alamo.tsv,alamovista_geomap_no_lists.html,AlamoVistaElev.jpg,AlamoAspenVistaLoopActual22Spe2016.gpx,alamo.json,35.77743300,-105.81093300,,,https://www.flickr.com/photos/139088815@N08/albums/72157674249890455,,"https://www.google.com/maps/place/Aspen+Vista+Picnic+Ground/@35.7736144,-105.8172689,15.38z/data=!4m5!3m4!1s0x87184ce6a3c7f4d9:0xe45f794f0417c87b!8m2!3d35.7771835!4d-105.8109797",N,AlamoVista.html
32,3 Rivers Petroglyphs,Tularosa,Normal,,,out-and-back,1.5 miles,150 ft,Easy,Outdoor John,Many glyphs!,Any,sun,,,,,,33.41957400,-105.98768200,3RiversMap.jpg,,https://www.flickr.com/photos/139088815@N08/albums/72157666607748474,,"https://www.google.com/maps/place/Three+Rivers+Petroglyph+Site/@33.3437823,-106.096438,12.18z/data=!4m5!3m4!1s0x86e025cafcfa805f:0x50a6781f24f1c35e!8m2!3d33.3510488!4d-106.0140586",N,ThreeRivers.html
33,Acequias,Corrales,Normal,,,out-and-back,5 miles,50 ft,Easy,None,Peaceful,Any,partial,acequia.tsv,,,,aceq.json,35.24932700,-106.60728300,acequia_map.jpg,,https://www.flickr.com/photos/139088815@N08/albums/72157664469121925,,"https://www.google.com/maps/dir/35.2493477,-106.6073148//@35.2498552,-106.6111922,16.37z",N,Acequia.html
34,Agua Sarca,Placitas,Normal,,,out-and-back,2.9 miles,2750 ft,Difficult,None,Final view,Not Winter,shady,aguasarca.tsv,sarca_geomap_no_lists.html,AguaSarcaElev.jpg,Agua_Sarca.GPX,sarca.json,35.29153300,-106.44105000,,,https://www.flickr.com/photos/139088815@N08/albums/72157664498582465,,"https://www.google.com/maps/place/Agua+Sarca+Trailhead/@35.2980826,-106.458528,14.62z/data=!4m5!3m4!1s0x87189ca8188e98b3:0xff214971f864b1e0!8m2!3d35.2913613!4d-106.4411103",N,AguaSarca.html
35,Ancho Rapids,White Rock,Normal,,,out-and-back,7.3 miles,956 ft,Moderate,None,Canyon views,Not Summer,sun,ancho.tsv,Ancho_geomap_no_lists.html,AnchoElev.jpg,AnchoRapids.GPX,ancho.json,35.79700000,-106.24641700,,,https://www.flickr.com/photos/139088815@N08/albums/72157667622546192,,"https://www.google.com/maps/dir/35.797,-106.2464599//@35.7966176,-106.2622094,14.38z",N,AnchoComb.html
36,Apache Canyon,Santa Fe,Normal,,,out-and-back,7.1 miles,600 ft,Easy-Moderate,None,Canyon,All,partial,apache.tsv,apache_geomap_no_lists.html,ApacheCanyonElev.jpg,Apache_Canyon.GPX,apache.json,35.62981700,-105.85896700,,,https://www.flickr.com/photos/139088815@N08/albums/72157669370481531,,"https://www.google.com/maps/dir//35.6298643,-105.8590098/@35.6080424,-105.9050398,13z?hl=en-US",N,ApacheCanyon.html
37,Atalaya Mountain,Santa Fe,Normal,,,two-car,4.7 miles,1500 ft,Moderate,None,Local views,All,partial,atalaya.tsv,atalaya_geomap_no_lists.html,AtalayaElev.jpg,Atalaya.GPX,atalaya.json,35.67045000,-105.90066700,,,https://www.flickr.com/photos/139088815@N08/albums/72157668956020832,,https://www.google.com/maps/place/Atalaya+-+Upper+Trailhead+(recgovnpsdata)/@35.669598,N,Atalaya.html
38,Battleship Rock,Jemez Springs,Normal,,,out-and-back,4.0 miles,500 ft,Moderate,Picnic Area,Springs/views,Not Winter,partial,,,,,,35.828099,-106.641862,BattleshipMap.jpg,,https://www.flickr.com/photos/139088815@N08/albums/72157669063455305,,"https://www.google.com/maps/place/Battleship+Rock/@35.8081491,-106.7037978,12.98z/data=!4m5!3m4!1s0x8722a3cd74902cfb:0x20c5034aac2e4303!8m2!3d35.8283567!4d-106.6422574",N,Battleship.html
39,Borrego-Bear Wallow,Santa Fe,Normal,,,loop,4.9 miles,750 ft,Easy-Moderate,None,Forest &amp; creek,Not Winter,sun,borrego.tsv,borrego_geomap_no_lists.html,BorregoElev.jpg,Borrego_BearWallow.GPX,borrego.json,35.7462,-105.8342667,,,https://www.flickr.com/photos/139088815@N08/albums/72157667529966953,,"https://www.google.com/maps/place/35%C2%B044'46.3%22N+105%C2%B050'03.4%22W/@35.7461916,-105.8366957,15.91z/data=!4m5!3m4!1s0x0:0x0!8m2!3d35.7462!4d-105.8342667",N,Borrego.html
40,Buckman Mesa,Santa Fe,Normal,,,out-and-back,5 miles,1000 ft,Medium,None,Great views,All,sun,buckman.tsv,buckman_geomap_no_lists.html,BuckElev.jpg,Buckman_Mesa.GPX,buckman.json,35.835833,-106.161033,,,https://www.flickr.com/photos/139088815@N08/albums/72157669889980505,,"https://www.google.com/maps/place/35%C2%B050'09.0%22N+106%C2%B009'39.7%22W/@35.8352221,-106.1658229,15.5z/data=!4m5!3m4!1s0x0:0x0!8m2!3d35.835833!4d-106.161033",N,Buckman.html
41,Cabezon Peak,San Luis,Normal,,,out-and-back,2.3 miles,1150 ft,Difficult,None,Badlands view,Not Winter,sun,cabezon.tsv,cabezon_geomap_no_lists.html,Cab_elev.jpg,Cabezon_Peak.GPX,czon.json,35.597,-107.1053833,,,https://www.flickr.com/photos/139088815@N08/albums/72157666331175593,,"https://www.google.com/maps/place/Cabezon+Peak/@35.6404185,-107.1255767,12218m/data=!3m1!1e3!4m5!3m4!1s0x8722ef7c9ce8c139:0xafdee26bbb8ef665!8m2!3d35.5997649!4d-107.0955239",N,Cabezon.html
42,Cerrillos Hills,Cerrillos,Normal,,,loop,4 miles,200 ft,Easy,None,Views &amp; mines,Any,sun,,,,,,35.444819,-106.122029,CerrillosHillsMap.jpg,,https://www.flickr.com/photos/139088815@N08/albums/72157669429537095,,"https://www.google.com/maps/place/Cerrillos+Hills+State+Park/@35.4420269,-106.1288847,15.61z/data=!4m5!3m4!1s0x8718f48e222b3e2b:0x50e070d4771ed943!8m2!3d35.44465!4d-106.122426",N,Cerrillos.html
43,Chamisa Trail,Santa Fe,Normal,,,loop,5.3 miles,1000 ft,Medium,None,Forest &amp; views,Any,sun,chamisa.tsv,chamisa_geomap_no_lists.html,ChamisaElev.jpg,Chamisa_Trail.GPX,cham.json,35.728417,-105.86597,,,https://www.flickr.com/photos/139088815@N08/albums/72157670243652485,,"https://www.google.com/maps/place/Chamisa+Trailhead/@35.7314932,-105.8819351,13.58z/data=!4m5!3m4!1s0x87184dfa79f0a227:0xfcfb943beadcd3f8!8m2!3d35.7283477!4d-105.8645982",N,Chamisa.html
44,Chavez Canyon,Abiquiu,Normal,,,out-and-back,2 miles,600 ft,Easy,None,Box canyon,Any,sun,,,,,,36.367385,-106.677235,ChavezCanyonMap.jpg,,https://www.flickr.com/photos/139088815@N08/albums/72157666523519104,,"https://www.google.com/maps/place/Chavez+Canyon/@36.3683839,-106.6953317,14.22z/data=!4m5!3m4!1s0x873d5b7e98e5e08f:0x5f5908f53b4c2d3a!8m2!3d36.3661267!4d-106.6817035",N,ChavezCanyon.html
45,Coyote Call,Los Alamos,Normal,,,loop,3 miles,400 ft,Easy,None,Views of VC,Not Winter,partial,coycall.tsv,coyotecall_geomap_no_lists.html,CoyCallElev.jpg,Coyote_Call.GPX,ccall.json,35.848167,-106.465383,,,https://www.flickr.com/photos/139088815@N08/albums/72157667458405014,,"https://www.google.com/maps/place/35%C2%B050'53.4%22N+106%C2%B027'55.4%22W/@35.8423757,-106.493655,13.11z/data=!4m5!3m4!1s0x0:0x0!8m2!3d35.848167!4d-106.465383",N,CoyoteCall.html
46,Dale Ball Trails,Santa Fe,Normal,,,loop,2 miles,200+ ft,Easy,None,Local views,Any,partial,DaleBallNorth.tsv,DBallNorth_geomap_no_lists.html,DBall_Elev.jpg,Dale_Ball.GPX,dbnorth.json,35.71075,-105.899467,,,https://www.flickr.com/photos/139088815@N08/albums/72157666078737535,,"https://www.google.com/maps/place/Dale+Ball+Trail+Parking/@35.7102265,-105.905635,15.06z/data=!4m5!3m4!1s0x871851e759c207f3:0xbc5462bc12584749!8m2!3d35.710267!4d-105.8992204",N,DBallNorth.html
47,Del Agua,Placitas,Normal,,,out-and-back,4.6 miles,1050 ft,Easy-Moderate,None,Sandia views,Not Winter,partial,delagua.tsv,delagua_geomap_no_lists.html,DelAguaElev.jpg,Del_Agua.GPX,del.json,35.277,-106.4840333,,,https://www.flickr.com/photos/139088815@N08/albums/72157663779952699,,"https://www.google.com/maps/place/35%C2%B016'37.2%22N+106%C2%B029'02.5%22W/@35.2875541,-106.5018082,13.8z/data=!4m5!3m4!1s0x0:0x0!8m2!3d35.277!4d-106.484033",N,DelAguaHike.html
48,Diablo Canyon,Santa Fe: West,Normal,,,out-and-back,4 miles,300 ft,Easy,Outdoor John,Lava canyon,Any,sun,diablo.tsv,Diablo_geomap_no_lists.html,Diablo_Elev.jpg,Diablo_Canyon.GPX,diablo.json,35.8046,-106.1362333,,,https://www.flickr.com/photos/139088815@N08/albums/72157667965478846,,"https://www.google.com/maps/place/Diablo+Canyon+Recreation+Area/@35.8049643,-106.146631,2773m/data=!3m1!1e3!4m5!3m4!1s0x871841cc309ae52d:0x694906cba94e2b69!8m2!3d35.806363!4d-106.142693",N,DiabloComb.html
49,El Morro,Ramah,Normal,,,loop,2.5 miles,300 ft,Easy,Visitor Center,History &amp; views,Any,sun,,,,,,35.038224,-108.348783,ElMorroMap.jpg,,https://www.flickr.com/photos/139088815@N08/albums/72157669107208625,,"https://www.google.com/maps/place/El+Morro+National+Monument+Visitor+Center/@35.0395202,-108.3521915,15.39z/data=!4m5!3m4!1s0x872466130cc46071:0xbf0a513d76e397c1!8m2!3d35.0386321!4d-108.3489511",N,ElMorro.html
50,Fort Bayard Tree,Silver City,Normal,,,out-and-back,2 miles,200 ft,Easy,None,Huge Juniper Tree,Any,sun,,,,,,32.782028,-108.147333,FtBayardMap.jpg,,https://www.flickr.com/photos/139088815@N08/albums/72157669851935591,,"https://www.google.com/maps/place/Fort+Bayard+Medical+Center/@32.78879,-108.1571055,14.95z/data=!4m5!3m4!1s0x86d8b5e28f2f5999:0x9daa315261a3501f!8m2!3d32.7890533!4d-108.1576308",N,FtBayard.html
51,Hyde Park Circle,Santa Fe,Normal,,,loop,3.9 miles,1400 ft,Moderate,None,Views &amp; falls,Any,sun,hydepk.tsv,hydepk_geomap_no_lists.html,HydeParkElev.jpg,Hyde_Park.GPX,hyde.json,35.730717,-105.8371,,,https://www.flickr.com/photos/139088815@N08/albums/72157670357476726,,"https://www.google.com/maps/dir//35.730717,-105.8371/@35.7306444,-105.8394221,16.53z/data=!4m8!1m7!3m6!1s0x0:0x0!2zMzXCsDQzJzUwLjYiTiAxMDXCsDUwJzEzLjYiVw!3b1!8m2!3d35.730717!4d-105.8371",N,HydePk.html
52,Joseph's Mine,Ojo Caliente,Normal,,,out-and-back,4 miles,200 ft,Easy-Moderate,Spa,Mica mine,Any,sun,,,,,,36.305933,-106.05142,OjoMap.jpg,,https://www.flickr.com/photos/139088815@N08/albums/72157669097029026,,"https://www.google.com/maps/place/Ojo+Caliente,+NM+87539/@36.3039168,-106.0534618,15.88z/data=!4m5!3m4!1s0x87178eba2be44795:0x5d9c8cc8ddde893a!8m2!3d36.3021225!4d-106.0452736",N,OjoCaliente.html
53,La Bajada,Santa Fe: South,Normal,,,out-and-back,2.4 miles,626 ft,Easy-Moderate,None,History &amp; views,Any,sun,bajada.tsv,Bajada_geomap_no_lists.html,BajadaElev.jpg,La_Bajada.GPX,baj.json,35.551633,-106.23655,,,https://www.flickr.com/photos/139088815@N08/albums/72157665564206092,,"https://www.google.com/maps/place/35%C2%B033'05.9%22N+106%C2%B014'11.6%22W/@35.5460674,-106.2692985,13.99z/data=!4m5!3m4!1s0x0:0x0!8m2!3d35.551633!4d-106.23655",N,LaBajada.html
54,La Luz Trail,Albuquerque,Normal,,,two-car,7.9 miles,3400 ft,Med-Difficult,Picnic Area,Great views!,Not Winter,partial,laluz.tsv,laluz_geomap_no_lists.html,LaLuzElev.jpg,La_Luz_Trail_137.GPX,luz.json,35.219667,-106.4810167,,,https://www.flickr.com/photos/139088815@N08/albums/72157669021931350,,"https://www.google.com/maps/place/Juan+Tabo+Picnic+Site+(recgovnpsdata)/@35.2194753,-106.4868487,16.11z/data=!4m5!3m4!1s0x87189c2d681530c7:0x8c64fcfcfe1e84f5!8m2!3d35.21895!4d-106.486145",N,LaLuz.html
55,La Vista Verde,Pilar,Normal,,,out-and-back,2.5 miles,100 ft,Easy,None,Gorge views,Any,sun,,,,,,36.341432,-105.736461,VistaVerdeMap.jpg,,https://www.flickr.com/photos/139088815@N08/albums/72157669891167806,,"https://www.google.com/maps/place/36%C2%B020'29.2%22N+105%C2%B044'11.3%22W/@36.3382269,-105.7405219,15.89z/data=!4m5!3m4!1s0x0:0x0!8m2!3d36.341432!4d-105.736461",N,VistaVerde.html
56,Las Conchas,Los Alamos,Normal,,,out-and-back,3.8 miles,100 ft,Easy,None,Woods &amp; creek,Any,partial,conchas.tsv,conchas_geomap_no_lists.html,,Las_Conchas.GPX,conch.json,35.814841,-106.533158,,,https://www.flickr.com/photos/139088815@N08/albums/72157669891167806,,"https://www.google.com/maps/place/Las+Conchas+Trailhead/@35.8158217,-106.5836957,13.39z/data=!4m5!3m4!1s0x0:0xe5e4624a5c984251!8m2!3d35.8152206!4d-106.5329647?hl=en-US",N,Conchas.html
57,Mesa Chijuilla,Cuba,Normal,,,out-and-back,3.8 miles,100 ft,Easy,None,Badlands,Not Winter,sun,chijuilla.tsv,chijuilla_geomap_no_lists.html,,Mesa_Chijuilla.GPX,chij.json,35.995233,-107.0827,,,https://www.flickr.com/photos/139088815@N08/albums/72157664510209436,,"https://www.google.com/maps/place/Mesa+Chijuilla/@35.9866373,-107.1364388,13.18z/data=!4m5!3m4!1s0x8722cd7ddcc2cd6f:0xf4e6d8b72a723f86!8m2!3d36.0200173!4d-107.0994852",N,Chijuilla.html
58,Mesa de Cuba,Cuba,Normal,,,out-and-back,1.5 miles,100 ft,Easy,None,Badlands,Not Winter,sun,,,,,,36.010603,-106.980625,SJBmap.jpg,,https://www.flickr.com/photos/139088815@N08/albums/72157667761292860,,"https://www.google.com/maps/place/35%C2%B059'56.3%22N+107%C2%B002'28.4%22W/@35.9859943,-107.0592881,13.3z/data=!4m5!3m4!1s0x0:0x0!8m2!3d35.998982!4d-107.041211",N,MesaCuba.html
59,Nature Conservancy,Santa Fe,Normal,,,loop,1.5 miles,300 ft,Easy,Nature Store,Local views,Any,sun,,,,,,35.68701,-105.89697,NatureMap.jpg,,https://www.flickr.com/photos/139088815@N08/albums/72157667668829694,,"https://www.google.com/maps/dir//35.68701,-105.89697/@35.6874448,-105.898244,16.92z/data=!4m8!1m7!3m6!1s0x0:0x0!2zMzXCsDQxJzEzLjIiTiAxMDXCsDUzJzQ5LjEiVw!3b1!8m2!3d35.68701!4d-105.89697",N,Conservancy.html
60,Ojito Wilderness,San Ysidro,Normal,,,loop,7.2 miles,750 ft,Easy-Moderate,None,Badlands/hoodoos,Any,sun,ojito.tsv,,,,ojito.json,35.495067,-106.921767,OjitoMap.jpg,,https://www.flickr.com/photos/139088815@N08/albums/72157670484666515,,"https://www.google.com/maps/dir//35.495067,-106.921767/@35.504812,-106.9184894,12.25z/data=!4m8!1m7!3m6!1s0x0:0x0!2zMzXCsDI5JzQyLjIiTiAxMDbCsDU1JzE4LjQiVw!3b1!8m2!3d35.495067!4d-106.921767",N,Ojito.html
61,Pinabete Tank,Santa Fe,Normal,,,out-and-back,2.8 miles,500 ft,Easy-Moderate,None,Canyon views,Any,sun,pinabete.tsv,pinabete_geomap_no_lists.html,,Pinabete_Tank.GPX,ptank.json,35.771583,-106.19055,,,https://www.flickr.com/photos/139088815@N08/albums/72157669818007681,,"https://www.google.com/maps/place/Pinabete+Tank/@35.7322789,-106.2268901,12.23z/data=!4m5!3m4!1s0x87186a24b07623fd:0xf36221addcd87a2!8m2!3d35.7719714!4d-106.1883588",N,Pinabete.html
62,Purgatory Chasm,Pinos Altos,Normal,,,out-and-back,2.2 miles,200 ft,Easy,None,Meandering Creek,Any,sun,purgatory.tsv,purgatory_geomap_no_lists.html,PurgElevation.jpg,Purgatory_Chasm.GPX,purg.json,33.032667,-108.1536667,,,https://www.flickr.com/photos/139088815@N08/albums/72157667474534894,,"https://www.google.com/maps/dir//33.032667,-108.1536667/@33.0319535,-108.1611012,15.72z/data=!4m8!1m7!3m6!1s0x0:0x0!2zMzPCsDAxJzU3LjYiTiAxMDjCsDA5JzEzLjIiVw!3b1!8m2!3d33.032667!4d-108.1536667",N,Purgatory.html
63,Pyramid Rock,Gallup,Normal,,,out-and-back,6 miles,600 ft,Easy-Moderate,Park Building,Great vistas,Any,sun,,,,,,35.542743,-108.613801,PyramidMap.jpg,,https://www.flickr.com/photos/139088815@N08/albums/72157668378600840,,"https://www.google.com/maps/place/Red+Rock+Park/@35.5386112,-108.6189724,14.89z/data=!4m5!3m4!1s0x8724dee98be4479b:0x18ad7241a6467074!8m2!3d35.5410759!4d-108.6111831",N,PyramidRock.html
64,Red/Blue Dot Trail,White Rock,Normal,,,two-car,4.3 miles,1134 ft,Moderate,None,Canyon views,Any,sun,,Red_Blue_geomap_no_lists.html,RedBlueElev.jpg,Red_Dot_Blue_Dot.GPX,rbdot.json,35.809767,-106.200917,,,https://www.flickr.com/photos/139088815@N08/albums/72157667955617065,,"https://www.google.com/maps/dir//35.8242231,-106.184552/35.8098944,-106.2037199/@35.8148692,-106.2622928,12z/data=!3m1!4b1!4m2!4m1!3e0?hl=en-US",N,RedBlueComb.html
65,San Lorenzo Canyon,San Acacia,Normal,,,out-and-back,2 miles,100 ft,Easy,None,Geology,Any,sun,,,,,,34.239571,-107.026899,SanLorenzoMap.jpg,,https://www.flickr.com/photos/139088815@N08/albums/72157669105693376,,"https://www.google.com/maps/place/San+Lorenzo+Canyon/@34.2439879,-107.0457563,12.38z/data=!4m5!3m4!1s0x8721b97077f5ca9f:0xfb98932b3b0eacfb!8m2!3d34.243781!4d-106.9948196",N,SanLorenzo.html
66,Strip Mine Trail,Placitas,Normal,,,out-and-back,2 miles,524 ft,Easy,None,Views &amp; mine,Any,sun,stripmine.tsv,StripMine_geomap_no_lists.html,,Strip_Mine.GPX,smine.json,35.30015,-106.4804667,,,https://www.flickr.com/photos/139088815@N08/albums/72157664272218552,,"https://www.google.com/maps/place/Strip+Mine+Trailhead+(recgovnpsdata)/@35.3009474,-106.4839828,15.86z/data=!4m5!3m4!1s0x8718832c192f0229:0x961c57f98e6726b4!8m2!3d35.3002468!4d-106.4805611",N,StripMine.html
67,Sun Mountain,Santa Fe,Normal,,,out-and-back,2 miles,840 ft,Moderate,None,Local views,Any,sun,sunmountain.tsv,SunMtn_geomap_no_lists.html,SunMtnElev.jpg,Sun_Mountain.GPX,sun.json,35.65675,-105.92095,,,https://www.flickr.com/photos/139088815@N08/albums/72157664604465663,,"https://www.google.com/maps/place/Sun+Mountain/@35.6586876,-105.9209249,16.21z/data=!4m5!3m4!1s0x8718511a857e8825:0xbdf0417c770275e!8m2!3d35.6591984!4d-105.911965",N,SunMountain.html
68,Tent Rocks,Cochiti,Normal,,,out-and-back,3 miles,600 ft,Easy-Moderate,Picnic Area,Slot canyon!,Any,sun,,,,,,35.661033,-106.416106,TentRockMap.jpg,,https://www.flickr.com/photos/139088815@N08/albums/72157670138528866,,"https://www.google.com/maps/place/Kasha-Katuwe+Tent+Rocks+National+Monument/@35.6332395,-106.4267967,12.45z/data=!4m5!3m4!1s0x87187099ff21bec1:0x28874e911e116d2f!8m2!3d35.662446!4d-106.4146067",N,TentRocks.html
69,Tesuque Creek - Lower,Santa Fe,Normal,,,two-car,7.3 miles,1800 ft,Easy-Moderate,None,River valley,Any,partial,lowertes.tsv,lowertesuque_geomap_no_lists.html,LowerTesElev.jpg,LowerT.GPX,ltes.json,35.759783,-105.845917,,,https://www.flickr.com/photos/139088815@N08/albums/72157670025828456,,"https://www.google.com/maps/dir/'35.7462,-105.8342667'/35.7407318,-105.9088827/@35.7289123,-105.9192388,12.86z/data=!4m6!4m5!1m3!2m2!1d-105.8342667!2d35.7462!1m0",N,LowerTesuque.html
70,The Catwalks,Glenwood,Normal,,,out-and-back,1.5 miles,100 ft,Easy,Unsure,Manmade walk,Any,partial,,,,,,33.37781,-108.839842,CatWalkMap.jpg,,https://www.flickr.com/photos/139088815@N08/albums/72157662925553623,,"https://www.google.com/maps/place/The+Catwalk+National+Recreation+Trail,+New+Mexico+88039/@33.3298568,-108.9459047,11.58z/data=!4m5!3m4!1s0x87279f9557db5d6b:0xe85bcf007b83afb!8m2!3d33.3770061!4d-108.8320073",N,Catwalks.html
71,Tetilla Peak,Santa Fe,Normal,,,out-and-back,2.7 miles,800 ft,Med-Difficult,None,Great vistas,Any,sun,tetilla.tsv,tetilla_geomap_no_lists.html,Tetilla_Elev.jpg,Tetilla_Peak.GPX,tet.json,35.602683,-106.19663,,,https://www.flickr.com/photos/139088815@N08/albums/72157667042096804,,"https://www.google.com/maps/place/Tetilla+Peak/@35.5834385,-106.3129984,12.24z/data=!4m5!3m4!1s0x871866de662b31b7:0x65f927c980313586!8m2!3d35.6080875!4d-106.2097462",N,Tetilla.html
72,Valle Grande Loop,Valles Caldera,Normal,,,loop,5 miles,100 ft,Easy-Moderate,Visitor Center,Expansiveness,Any,sun,,20160204_ValleGrandeInSnow_MapDL.html,,Valle_Grande.gpx,vgrand.json,35.857077,-106.491058,,,https://www.flickr.com/photos/30474783@N06/albums/72157663614542159,,"https://www.google.com/maps/place/Valles+Caldera+Visitor+Center/@35.8449934,-106.5059503,13.9z/data=!4m5!3m4!1s0x87180a526653f547:0x325022daa2e84af4!8m2!3d35.8567218!4d-106.491208",N,ValleGrandeInSnow.html
73,Viewpoint Loop,Villanueva,Normal,,,loop,2 miles,200 ft,Easy-Moderate,Park Building,Water &amp; views,Any,sun,,,,,,35.264798,-105.33362,VillanuevaMap.jpg,,https://www.flickr.com/photos/139088815@N08/albums/72157668297226520,,"https://www.google.com/maps/place/Villanueva+State+Park/@35.2759133,-105.3886441,12.97z/data=!4m5!3m4!1s0x8719402d052c1643:0x7e86f31019c1f401!8m2!3d35.2612445!4d-105.3344",N,Villanueva.html
74,Williams Lake,Taos,Normal,,,out-and-back,4 miles,1200 ft,Moderate,Ski Area,High mtn lake,Not Winter,shady,,,,,,36.572704,-105.436408,WilliamsLakeMap.jpg,,https://www.flickr.com/photos/139088815@N08/albums/72157668795870731,,"https://www.google.com/maps/place/Williams+Lake+Trail+-+Upper+Parking,+Taos+Ski+Valley,+NM+87525/@36.581426,-105.4590604,14.11z/data=!4m5!3m4!1s0x87176a59bb74bc5b:0x4ef77fbbccb52548!8m2!3d36.5794722!4d-105.4398493",N,WilliamsLake.html
75,Traders Trail,Taos,Normal,,,out-and-back,3.6 miles,300 ft,Easy,None,Gorge views,Not Summer,sun,traders.tsv,traders_geomap_no_lists.html,Trader_Elev.jpg,Traders_Trail.GPX,trader.json,36.323333,-105.7036667,,,https://www.flickr.com/photos/139088815@N08/albums/72157671398356076,,"https://www.google.com/maps/dir//36.323333,-105.7036666/@36.3300319,-105.7219924,13.56z/data=!4m8!1m7!3m6!1s0x0:0x0!2zMzbCsDE5JzI0LjAiTiAxMDXCsDQyJzEzLjIiVw!3b1!8m2!3d36.323333!4d-105.7036666",N,Traders.html
76,Tsankawi Ruins,White Rock,Normal,,,loop,3 miles,100 ft,Easy-Moderate,None,Great views,Any,sun,,,,,,35.860416,-106.224682,TsankawiMap.jpg,,https://www.flickr.com/photos/139088815@N08/albums/72157669593119256,,"https://www.google.com/maps/place/Tsankawi+prehistoic+site+-+bandelier+national+monument/@35.8462988,-106.2625996,12.73z/data=!4m5!3m4!1s0x871814c10dd35733:0xf3f8409869088c9!8m2!3d35.8600838!4d-106.2246109",N,Tsankawi.html
77,Canyon Trail,San Antonio,Normal,,,loop,2.2 miles,200 ft,Easy,None,Scenery,Any,sun,,,,,,33.759012,-106.895278,,,https://www.flickr.com/photos/139088815@N08/albums/72157668959173142,,"https://www.google.com/maps/dir//33.771925,-106.906135/@33.7869487,-106.9176049,14z/data=!4m8!1m7!3m6!1s0x0:0x0!2zMzPCsDQ2JzE4LjkiTiAxMDbCsDU0JzIyLjEiVw!3b1!8m2!3d33.771925!4d-106.906135",N,CanyonTrail.html
78,Piedras Marcadas,Albuquerque,Normal,,,out-and-back,2 miles,20 ft,Easy,None,Petroglyphs,Any,sun,,,,,,35.188867,-106.686269,PiedrasMarcadas.jpg,,https://www.flickr.com/photos/139088815@N08/albums/72157669829880176,,"https://www.google.com/maps/place/Piedras+Marcadas+Park+and+Basin+Parking,+Albuquerque,+NM+87120/@35.1766944,-106.6770491,15.56z/data=!4m5!3m4!1s0x872273d35034ea89:0x4d90adb325dc1e0b!8m2!3d35.1764993!4d-106.6756472",N,Piedras.html
79,Rinconada Canyon,Albuquerque,Normal,,,loop,2.2 miles,20 ft,Easy,None,Glyphs &amp; view,Any,sun,,,,,,35.126851,-106.724635,RinconadaMap.jpg,,https://www.flickr.com/photos/139088815@N08/albums/72157669380888432,,"https://www.google.com/maps/dir//St+Josephs+Ave,+Albuquerque,+NM+87120/@35.1300681,-106.7271982,15.38z/data=!4m16!1m7!3m6!1s0x87226d7def9cdd71:0x4c503e9585baa79!2sSt+Josephs+Ave,+Albuquerque,+NM+87120!3b1!8m2!3d35.1266213!4d-106.7241505!4m7!1m0!1m5!1m1!1s0x87226d7def9cdd71:0x4c503e9585baa79!2m2!1d-106.7241505!2d35.1266213",N,Rinconada.html
80,ABQ Volcanoes,Albuquerque,Normal,,,out-and-back,4 miles,200 ft,Moderate,Outdoor John,Geology/views,Not Summer,sun,volcano.tsv,volcano_geomap_no_lists.html,,ABQ_Volcanoes.GPX,volc.json,35.13075,-106.7802667,VolcanoMap.jpg,,https://www.flickr.com/photos/139088815@N08/albums/72157668175624985,,"https://www.google.com/maps/place/Volcanoes+National+Monument+Parking/@35.1295156,-106.8018404,13.57z/data=!4m5!3m4!1s0x87226c50c8714d49:0x883cb08312344f62!8m2!3d35.130656!4d-106.7804253",N,ABQvolcanoes.html
81,Big Tubes Area,Grants,Normal,,,out-and-back,1.5 miles,20 ft,Easy-Moderate,None,Massive lava,Not Winter,sun,bigtubes.tsv,,,BigTubes.GPX,tubes.json,34.944733,-108.106983,TubesTrail.jpg,,https://www.flickr.com/photos/139088815@N08/albums/72157666437314513,,"https://www.google.com/maps/dir//34.944733,-108.106983/@34.9476823,-108.1166876,2721m/data=!3m1!1e3!4m8!1m7!3m6!1s0x0:0x0!2zMzTCsDU2JzQxLjAiTiAxMDjCsDA2JzI1LjEiVw!3b1!8m2!3d34.944733!4d-108.106983",N,BigTubes.html
82,Ice Cave,Grants,Normal,,,out-and-back,2 miles,200 ft,Easy,Visitor Center,Fascinating,Not Winter,sun,,,,,,34.99311,-108.080084,,,https://www.flickr.com/photos/139088815@N08/albums/72157668605933682,,"https://www.google.com/maps/place/Ice+Caves/@34.9957653,-108.0961469,14.27z/data=!4m5!3m4!1s0x8724764068f2ef7d:0x3969cc1468076f2d!8m2!3d34.9932388!4d-108.0807326",N,IceCave.html
83,El Calderon,Grants,Normal,,,loop,4.5 mile,500 ft,Easy,Picnic Area,Lava features,Not Winter,sun,calderon.tsv,ElCalderon_geomap_no_lists.html,ElCalderonElev.jpg,ElCalderon.GPX,cald.json,34.9698,-108.00325,,,https://www.flickr.com/photos/139088815@N08/albums/72157666391880544,,"https://www.google.com/maps/place/El+Calderon/@34.9626138,-108.0347575,12.88z/data=!4m5!3m4!1s0x87238a46a9ca084f:0xe1411fc30513063e!8m2!3d34.9586528!4d-108.0178379",N,ElCalderon.html
84,Una Vida,Lybrook,Normal,,,out-and-back,0.8,100 ft,Easy,Visitor Center,Ancient ruins,Any,sun,,,,,,336.064977,-107.969867,UnaVidaMap.jpg,,https://www.flickr.com/photos/139088815@N08/albums/72157666368675313,,"https://www.google.com/maps/place/Bandelier+Visitor+Center/@35.7801014,-106.2839283,13.87z/data=!4m5!3m4!1s0x87186c693ad80d1f:0xca8f2ed6ce83bbba!8m2!3d35.7790885!4d-106.2708628",N,UnaVida.html
85,Hungo Pavi,Lybrook,Normal,,,out-and-back,0.3 miles,20 ft,Easy,None,Ancient ruins,Any,sun,,,,,,36.049536,-107.93031,HungoPaviMap.jpg,,https://www.flickr.com/photos/139088815@N08/albums/72157668823314186,,"https://www.google.com/maps/place/Bandelier+Visitor+Center/@35.7801014,-106.2839283,13.87z/data=!4m5!3m4!1s0x87186c693ad80d1f:0xca8f2ed6ce83bbba!8m2!3d35.7790885!4d-106.2708628",N,HungoPavi.html
86,Pueblo Bonito,Lybrook,Normal,,,loop,1 mile,50 ft,Easy,None,Huge ruins,Any,sun,,,,,,36.059216,-107.958934,BonitoMap.jpg,,https://www.flickr.com/photos/139088815@N08/albums/72157668825446256,,"https://www.google.com/maps/place/Bandelier+Visitor+Center/@35.7801014,-106.2839283,13.87z/data=!4m5!3m4!1s0x87186c693ad80d1f:0xca8f2ed6ce83bbba!8m2!3d35.7790885!4d-106.2708628",N,Bonito.html
87,Chimney Rock,Abiquiu,Normal,,,out-and-back,3 miles,400 ft,Moderate,Visitor Center,Great vistas,Any,sun,,,,,,36.330525,-106.47482,ChimneyMap.jpg,,https://www.flickr.com/photos/139088815@N08/albums/72157667485914153,,"https://www.google.com/maps/place/Ghost+Ranch/@36.3216675,-106.4853349,14.35z/data=!4m5!3m4!1s0x8717e2c43b59b8b1:0x5ccab3f1f59da464!8m2!3d36.3313275!4d-106.4730319",N,ChimneyRock.html
88,Kitchen Mesa,Abiquiu,Normal,,,out-and-back,5 miles,600 ft,Moderate,Visitor Center,Colorful rocks,Any,sun,,,,,,36.336353,-106.469007,,,https://www.flickr.com/photos/139088815@N08/albums/72157669237103060,,"https://www.google.com/maps/place/Ghost+Ranch/@36.3216675,-106.4853349,14.35z/data=!4m5!3m4!1s0x8717e2c43b59b8b1:0x5ccab3f1f59da464!8m2!3d36.3313275!4d-106.4730319",N,Kitchen.html
89,Albuquerque Trail,Tajique,Normal,,,loop,5 miles,600 ft,Easy-Moderate,Campground,Forest views,Not Winter,sun,,,,,,34.793491,-106.372268,ABQTrailMap.jpg,,https://www.flickr.com/photos/139088815@N08/albums/72157670395400435,,"https://www.google.com/maps/place/Fourth+of+July+Campground/@34.7930265,-106.3748498,16.47z/data=!4m5!3m4!1s0x871f52d2949fe9a1:0x7bbfdccd70ccc7db!8m2!3d34.7928336!4d-106.3830769",N,ABQ.html
90,Fourth of July Trail,Tajique,Normal,,,out-and-back,4 miles,800 ft,Easy-Moderate,Campground,Manzano peak,Not Winter,sun,,,,,,34.790707,-106.382439,ABQTrailMap.jpg,,https://www.flickr.com/photos/139088815@N08/albums/72157670328044815,,"https://www.google.com/maps/place/Fourth+of+July+Campground/@34.7907303,-106.3858832,15.33z/data=!4m5!3m4!1s0x871f52d2949fe9a1:0x7bbfdccd70ccc7db!8m2!3d34.7928336!4d-106.3830769",N,July4.html
91,San Ysidro Trials,San Ysidro,Normal,,,loop,2.1 miles,150 ft,Easy,None,Canyon/Water,Any,sun,sanysidro.tsv,sytrials_geomap_no_lists.html,,SanYsidro_1.gpx,sany.json,35.56861667,-106.8122,,,https://www.flickr.com/photos/139088815@N08/albums/72157670328044815,,"https://www.google.com/maps/place/35%C2%B034'07.0%22N+106%C2%B048'43.9%22W/@35.5616139,-106.822436,14z/data=!4m5!3m4!1s0x0:0x0!8m2!3d35.5686167!4d-106.8122",Y,SanYsidroTrials.html
92,Burnt Mesa,Los Alamos,Normal,,,loop,7.3 miles,450 ft,Easy-Moderate,None,Canyon Views,Any,sun,burntmesa.tsv,burntmesa_geomap_no_lists.html,BurntMesaElev.jpg,Burnt_Mesa.GPX,Burnt_Mesa.json,35.828253,-106.328961,,,https://www.flickr.com/photos/139088815@N08/albums/72157673291961720,,"https://www.google.com/maps/place/35%C2%B049'41.7%22N+106%C2%B019'44.3%22W/@35.8343766,-106.3488791,13z/data=!4m5!3m4!1s0x0:0x0!8m2!3d35.828253!4d-106.328961",N,BurntMesa.html
93,El Morro Index [1],Ramah,Visitor Ctr,49,,,,,,Full Amenities,"History, Views",,,,,,,,,,,,,,"https://www.google.com/maps/place/El+Morro+National+Monument+Visitor+Center/@35.0395202,-108.3521915,15.39z/data=!4m5!3m4!1s0x872466130cc46071:0xbf0a513d76e397c1!8m2!3d35.0386321!4d-108.3489511",N,ElMorroNP.html